Username,Genre,Followers,Likes,Plays,Reposts,Comments
 Kill The Noise ,Dance,3709372,6055,75227,861,214
 Never Say Die Records ,Dance,1032310,7836,95229,1207,286
 DJ SNAKE ,Dance,934778,915,15401,148,46
 Dim Mak Records ,Dance,559180,2046,29277,268,56
 SOULECTION ,Dance,506455,35216,1667558,6863,759
 SOULECTION ,Dance,506455,71687,4119660,16518,574
 JAUZ ,Dance,481896,3705,77664,504,80
 JAUZ ,Dance,481896,10122,164834,1324,158
 GETTER ,Dance,429522,9336,359954,1723,138
Sango,Dance,281234,7644,274176,1365,147
 Ookay ,Dance,268151,1927,20030,323,42
 Ookay ,Dance,268151,3458,49850,502,60
 mau5trap ,Dance,233190,400,5839,63,24
 bitbird ,Dance,207720,83052,4123754,19457,1092
 sam gellaitry ,Dance,191055,16709,610358,2551,274
 sam gellaitry ,Dance,191055,19785,796786,4189,438
 sam gellaitry ,Dance,191055,7337,273152,1246,237
 sam gellaitry ,Dance,191055,22327,943063,4163,190
 sam gellaitry ,Dance,191055,23082,936793,3911,491
 sam gellaitry ,Dance,191055,23854,925262,4986,286
 oshi ,Dance,175051,14365,605197,2884,302
 Barong Family ,Dance,163376,4170,54146,566,126
Disciple,Dance,160643,4557,71619,620,98
 MUST DIE! ,Dance,159960,8984,173632,1204,267
 MUST DIE! ,Dance,159960,9928,191689,1488,350
 Chillhop Music ,Dance,156680,1207,73194,190,27
 Branchez ,Dance,139133,111089,7439901,25718,900
 Circus Records Official ,Dance,133929,1166,14835,141,37
 QUIX ,Dance,122615,8299,172930,1332,208
 Habstrakt ,Dance,121810,5068,76407,702,94
 Midnight Tyrannosaurus™ ,Dance,119077,5464,56047,693,179
 tennyson ,Dance,99430,37427,1856511,6483,717
 Never Say Die Black Label ,Dance,95664,2058,22994,310,119
 Never Say Die Black Label ,Dance,95664,1718,16599,246,83
 Never Say Die Black Label ,Dance,95664,2149,18193,334,86
 Never Say Die Black Label ,Dance,95664,2053,19786,295,96
 Never Say Die Black Label ,Dance,95664,2584,27902,370,151
 Never Say Die Black Label ,Dance,95664,1373,12174,180,68
 Never Say Die Black Label ,Dance,95664,2352,25435,318,193
 Never Say Die Black Label ,Dance,95664,10454,160082,1556,393
 Never Say Die Black Label ,Dance,95664,2416,43757,405,27
 Never Say Die Black Label ,Dance,95664,3592,69479,569,51
 Never Say Die Black Label ,Dance,95664,2928,50694,510,42
 Never Say Die Black Label ,Dance,95664,1280,23997,224,35
 Dion Timmer ,Dance,91553,10216,319986,1787,146
 Dion Timmer ,Dance,91553,5913,216925,1192,89
 Dion Timmer ,Dance,91553,6198,211094,1096,70
 Dion Timmer ,Dance,91553,5807,172211,1055,94
 Dion Timmer ,Dance,91553,7599,223194,1567,107
 wuki ,Dance,82925,929,14247,77,10
 MOODY GOOD ,Dance,81770,8892,118606,1263,274
 MOODY GOOD ,Dance,81770,8088,82296,1409,320
 Mr. Bill ,Dance,71328,979,10514,125,49
 Kompany ,Dance,69129,3887,50095,531,95
 Daruma ,Dance,63346,1713,66992,276,44
 PEEKABOO ,Dance,61391,9567,171277,1382,224
 PEEKABOO ,Dance,61391,8053,76727,1209,220
 Phiso ,Dance,53180,4765,59267,716,267
 TYNAN ,Dance,52135,6481,86892,808,186
 MARAUDA ,Dance,50660,6374,125297,1497,339
 MARAUDA ,Dance,50660,10673,160124,1541,477
 MARAUDA ,Dance,50659,11881,238914,1449,735
 BLVK SHEEP ,Dance,50384,1954,20779,375,220
" quickly, quickly ",Dance,49730,12988,386022,1925,372
 INFEKT ,Dance,45936,920,15238,135,58
 INFEKT ,Dance,45936,1430,21178,210,77
 Oolacile ,Dance,44583,1193,11404,217,94
 Oolacile ,Dance,44583,2134,26201,311,129
 Disciple Round Table ,Dance,42936,1233,14861,163,50
 Disciple Round Table ,Dance,42936,2460,29869,368,80
 Disciple Round Table ,Dance,42936,2037,23663,329,60
 TWONK ,Dance,41271,4917,108767,908,38
 TWONK ,Dance,41271,2948,65335,567,36
 TWONK ,Dance,41271,2458,58424,431,20
 TWONK ,Dance,41271,2033,49959,353,26
 XAEBOR ,Dance,40148,2493,23226,503,288
 MVRDA ,Dance,37758,2986,34491,440,93
 Aweminus ,Dance,36917,7027,91832,1037,254
 Aweminus ,Dance,36917,3814,51257,518,101
 Aweminus ,Dance,36917,1906,20017,336,97
 Aweminus ,Dance,36917,4826,52654,778,206
 SUBFILTRONIK ,Dance,34529,1582,18339,284,128
 UBUR ,Dance,33848,6840,98828,862,210
 UBUR ,Dance,33848,2570,19534,380,58
" Deep, Dark & Dangerous ",Dance,33528,789,6110,123,29
 Bishu ,Dance,33167,3292,65995,505,54
 YAKZ ,Dance,31424,2790,34857,408,62
 YAKZ ,Dance,31424,2824,37510,465,109
 Spock ,Dance,31347,3483,55039,361,80
 Chibs,Dance,30793,2924,38388,422,140
 Samplifire ,Dance,29971,3567,38379,572,142
 Samplifire ,Dance,29971,3149,35157,489,172
 salute ,Dance,29252,350,2759,48,24
 AKIRAH ,Dance,25101,656,5179,117,71
 AKIRAH ,Dance,25101,1221,11742,278,132
 Blankface ,Dance,24677,1725,10628,526,433
 Simula ,Dance,23888,187,7294,24,12
 Simula ,Dance,23888,275,9788,33,17
 laxcity ,Dance,23322,2112,27817,309,138
 Bassweight Records ,Dance,22680,1511,18081,280,81
 Bassweight Records ,Dance,22680,2958,44390,393,123
 Bassweight Records ,Dance,22680,1744,13131,269,61
 Bassweight Records ,Dance,22680,2027,21294,280,59
 Bassweight Records ,Dance,22680,1840,21651,283,83
 blanke ,Dance,21346,6615,101303,1006,207
 Savage Society Records ,Dance,20543,782,14595,120,32
 Savage Society Records ,Dance,20543,1233,21519,171,52
 Savage Society Records ,Dance,20543,680,6689,108,32
 Savage Society Records ,Dance,20543,955,9253,179,129
 Savage Society Records ,Dance,20543,711,7621,119,41
 Savage Society Records ,Dance,20543,828,9156,153,54
 Savage Society Records ,Dance,20543,1024,10020,180,96
 Savage Society Records ,Dance,20543,932,10775,172,47
 Savage Society Records ,Dance,20543,555,6533,105,28
 Savage Society Records ,Dance,20543,2206,23421,356,80
 GANON ,Dance,18412,908,8875,242,230
 L.U.X ,Dance,18373,2152,12194,416,96
 KILL FEED ,Dance,17886,2995,43291,376,91
 KILL FEED ,Dance,17886,1948,19137,283,70
 Parkinson White ,Dance,17391,1513,46234,274,104
 Parkinson White ,Dance,17391,1026,30428,221,104
 Parkinson White ,Dance,17391,1230,41814,235,90
 Parkinson White ,Dance,17391,1889,68811,390,144
 DIGITIST ,Dance,15091,405,4298,71,39
 DIGITIST ,Dance,15091,410,3502,82,40
 DIGITIST ,Dance,15091,2405,23056,387,109
 Effin ,Dance,14984,6030,74610,967,254
 Control Freak ,Dance,12513,1918,19998,229,68
 Control Freak ,Dance,12513,15909,288785,1901,744
 Akeos ,Dance,12467,2162,18950,327,107
 Akeos ,Dance,12467,2960,25055,475,223
 Akeos ,Dance,12467,2901,29945,468,168
 KADAVER ,Dance,12185,725,6296,130,35
 Cybertr0n ,Dance,11689,7832,118872,2058,1994
 Cybertr0n ,Dance,11689,1273,14344,395,226
 CROMATIK ,Dance,11204,2235,36234,261,52
 Invictous ,Dance,11110,726,7352,101,74
 ID ,Dance,10853,1526,16126,244,130
Odio Records,Dance,10733,720,4655,141,86
Odio Records,Dance,10733,1125,8934,201,135
Odio Records,Dance,10733,924,10547,151,106
Odio Records,Dance,10733,1557,19637,342,136
Odio Records,Dance,10733,901,11336,177,46
 RAVACHOL ,Dance,10675,1134,10867,186,52
 RAVACHOL ,Dance,10675,845,11305,140,63
 TRILLA ,Dance,10620,268,2403,62,52
 Nexu5 ,Dance,10502,1999,23403,274,103
 Nexu5 ,Dance,10502,1318,15189,247,163
 Nexu5 ,Dance,10502,1076,21001,154,104
 Nexu5 ,Dance,10502,1746,21773,322,121
 Interval Audio ,Dance,10186,319,2943,67,43
 Interval Audio ,Dance,10186,441,4715,81,80
 Interval Audio ,Dance,10186,281,2832,62,27
 Interval Audio ,Dance,10186,320,3567,79,51
 Interval Audio ,Dance,10186,344,3838,73,32
 Interval Audio ,Dance,10186,420,4640,65,39
 Interval Audio ,Dance,10186,602,7449,99,54
 Interval Audio ,Dance,10186,504,6057,97,46
 Hukae ,Dance,10128,1949,21579,315,117
 Hukae ,Dance,10128,2190,27407,355,160
 NEONIX ,Dance,10080,2520,26922,389,156
 Blacklight Audio ,Dance,8739,159,1663,47,16
 Blacklight Audio ,Dance,8739,363,2860,109,49
 TRVCY ,Dance,8626,1546,12867,270,173
 REAPER ,Dance,8433,6000,147015,650,182
 SABLE VALLEY ,Dance,8325,7746,129748,1121,198
 SABLE VALLEY ,Dance,8325,9582,144818,1379,285
 GLOCKZ ,Dance,7925,209,2282,43,44
 GLOCKZ ,Dance,7925,253,2953,42,39
 GLOCKZ ,Dance,7925,1307,19988,273,271
 GLOCKZ ,Dance,7925,1496,19628,461,486
 NXSTY MFKAS ,Dance,7274,3288,54614,692,86
 EXECUTIONER. ,Dance,7140,536,6813,116,76
 Drippy ,Dance,7121,703,13646,172,80
 Drippy ,Dance,7121,2162,39956,301,184
 YUKI DUBZ ,Dance,6863,455,8584,92,65
 FUGITIVES ,Dance,6813,440,3979,80,59
 // PHEX ,Dance,6277,830,57870,93,60
 JG DUBZ ,Dance,6109,1035,11595,303,113
 Sokka ,Dance,6083,47,686,17,7
 SNOOKO ,Dance,5707,900,11007,159,46
 CHAIMBA ,Dance,5685,1122,12448,204,132
 CHAIMBA ,Dance,5685,1015,12550,180,146
 SkunkDubstep ,Dance,5681,1305,51760,350,72
 SkunkDubstep ,Dance,5681,634,20370,165,69
 SAIGGA ,Dance,5524,1779,24902,238,155
 SAIGGA ,Dance,5524,984,7020,280,83
 SAIGGA ,Dance,5524,988,9957,165,90
 Activated ,Dance,5445,154,2013,20,18
 Activated ,Dance,5445,15,204,2,3
 Activated ,Dance,5445,11,205,1,1
 ARCRUX ,Dance,5434,882,10542,151,46
 ARCRUX ,Dance,5434,647,6543,116,48
 ARCRUX ,Dance,5434,939,8721,165,83
 ARCRUX ,Dance,5434,1776,21734,359,107
 Protial ,Dance,5284,506,5399,59,59
 Versa ,Dance,5155,8982,135162,1206,380
 Eater ,Dance,5121,796,7275,135,48
 laxcity // b-sides ,Dance,5044,263,6326,28,20
 i-CON™ ,Dance,5029,337,8577,43,54
 SERPENTS ,Dance,4683,3691,41345,822,512
 SERPENTS ,Dance,4683,8950,152765,2139,326
 SERPENTS ,Dance,4683,3893,47996,702,195
 SKORE ,Dance,4637,136,2093,13,15
 SKUM ,Dance,4574,167,1878,25,26
 REAPER ,Dance,4514,614,6762,98,55
 NVADRZ ,Dance,4514,1503,17006,293,77
 Blytz ,Dance,4174,208,4759,33,21
 YUNIT. ,Dance,4112,959,9850,266,289
 YUNIT. ,Dance,4112,988,7278,285,307
 Dwarv ,Dance,4019,1098,15165,127,72
 ALLESNIK ,Dance,3978,144,5053,17,22
 CLPR ,Dance,3783,253,2527,43,22
 CLPR ,Dance,3783,150,1305,19,17
 NT_KAIZOKU ,Dance,3572,336,3824,69,33
 Katch ,Dance,3460,295,3000,52,61
 Ikotu ,Dance,3449,2408,74744,356,143
 Benda ,Dance,3343,2170,54086,260,42
 voltra ,Dance,2909,476,4616,61,72
 Gogglez ,Dance,2594,238,5811,32,50
 knockthisoff ,Dance,2561,2764,46835,307,60
 knockthisoff ,Dance,2561,1827,33474,269,52
 Moley ,Dance,2439,352,3841,68,51
 Moley ,Dance,2439,823,9369,146,106
 gawd ,Dance,2400,192,4982,42,20
 AYONIKZ ,Dance,14011,1026,5435,234,118
 AYONIKZ ,Dance,14011,1787,22190,336,186
 AYONIKZ ,Dance,14011,1002,10719,180,94
 AYONIKZ ,Dance,14011,1458,24046,219,79
 AYONIKZ ,Dance,14011,976,13074,147,82
 rellyOnSMASH ,Dance,13958,1617,105953,300,2
 jub dubs ,Dance,13806,2465,35839,314,111
Fayte,Dance,13532,2251,27011,478,110
Fayte,Dance,13532,868,12028,188,71
 MOTUS. ,Dance,13239,231,3182,49,22
 MOTUS. ,Dance,13239,556,5940,116,89
 HOL! ,Dance,2265,1824,22278,217,104
 DDD ,Dance,2094,884,11154,93,42
 Stranger Twins ,Dance,2013,882,10296,79,42
 Stranger Twins ,Dance,2013,968,15444,115,29
 scheme ,Dance,1348,913,9191,127,160
 SEWS ,Dance,1323,406,3376,111,66
 AMOONS ,Dance,1187,583,5342,159,161
 ALIAS ,Dance,1055,675,8899,136,48
 SUBKILL ,Dance,703,407,4329,88,32
 Aevi⁺ ,Dance,474,101,1418,9,26
 GRVDNCR ,Dance,404,1228,9732,166,51
 LOST TERRA ,Dance,258,112,2390,19,15
 Flakzz Extras ,Dance,169,1215,14355,266,36
 joshcassidy ,Dance,4100,1023,8797,272,61
 MAD DUBZ ,Dance,1780,430,4934,71,72
MAD DUBZ,Dance,1780,267,15316,26,5
MAD DUBZ,Dance,1780,490,4703,85,65
 ANTI ALL ,Dance,724,1562,28318,384,80
 Gud ,Beats,86098,2032,33368,228,94
 verzache ,Beats,61872,3669,118902,514,132
 Penthouse Penthouse ,Beats,60583,4993,197778,1103,128
 Moods ,Beats,60271,14132,606310,2712,314
 Moods ,Beats,60271,1960,97889,373,108
 drip-133 ,Beats,59677,753,40736,93,20
 drip-133 ,Beats,59677,1252,82513,167,24
 ZenSupremacy ,Beats,51960,3210,124326,514,58
 McClenney ,Beats,50962,4256,237957,834,74
 Chill Children ,Beats,48344,4713,161044,1082,86
 DIVERSA ,Beats,47833,1489,57602,244,114
 DIVERSA ,Beats,47833,1360,43274,193,76
 eugene cam ,Beats,46417,27120,1264458,5145,539
jetson ,Beats,42761,6790,232408,1724,265
 spirited. ,Beats,42606,1129,38941,233,34
 VAGUE003 ,Beats,42405,5330,268912,839,84
 instupendo ,Beats,36884,64615,3146697,9588,1021
 instupendo ,Beats,36884,4589,170557,655,166
 JNTHN STEIN ,Beats,33266,1710,68600,265,44
 JNTHN STEIN ,Beats,33266,12230,473330,2110,210
 JNTHN STEIN ,Beats,33266,1543,58550,218,35
 DEFFIE ,Beats,32610,20653,761937,4360,327
 GRXGVR ,Beats,30559,1224,49553,153,49
 GRXGVR ,Beats,30559,2092,72742,311,84
 GRXGVR ,Beats,30559,2531,108458,264,84
 GRXGVR ,Beats,30559,7647,339246,1386,195
 GRXGVR ,Beats,30559,8527,385969,1302,186
 rage logic ,Beats,29227,8226,255550,1283,358
 Dr. Derg ,Beats,28623,4936,171972,814,149
UV boi,Beats,27627,5918,259975,1448,126
 meltycanon ,Beats,25468,1272,61033,140,21
 The Kount ,Beats,25163,4588,165272,716,97
 The Kount ,Beats,25163,6882,206943,1151,180
 The Kount ,Beats,25163,731,16895,51,26
 The Kount ,Beats,25163,555,12270,73,8
 The Kount ,Beats,25163,548,11581,66,18
 The Kount ,Beats,25163,260,7028,33,11
 Penacho ,Beats,12036,430,27171,36,8
 defkon ,Beats,8651,683,19473,123,71
 defkon ,Beats,8651,405,12448,60,24
 defkon ,Beats,8651,1796,49208,291,109
 defkon ,Beats,8651,355,10441,77,52
 skys ,Beats,7564,41563,2388892,5911,259
 \u200eEX3 ,Beats,5306,8503,390018,1637,284
 \u200eEX3 ,Beats,5306,394,13945,51,8
 \u200eEX3 ,Beats,5306,710,29203,91,23
 JEW3LZ_BEATZ ,Beats,5097,258,7035,39,13
 Bertholet ,Beats,4478,757,19037,132,65
 Bertholet ,Beats,4478,664,18843,110,46
 Bertholet ,Beats,4478,1059,24772,183,55
 topkeybeats ,Beats,3746,308,10460,36,41
 apart ,Beats,2421,116,3577,11,9
 apart ,Beats,2421,192,6589,38,19
 apart ,Beats,2421,71,2401,6,6
 Holyrain ,Beats,19431,12048,562526,132,259
 junyii. ,Beats,11101,8274,359344,1065,153
 junyii. ,Beats,11101,3002,144513,370,91
 EYUKALIPTUS ,Beats,6894,3885,140659,713,76
 Resotone ,Beats,5360,453,25607,92,31
 Jay Som ,Beats,3912,3209,137356,283,29
 BANDWIDTHBOYS ,Beats,2238,54,3444,7,8
 styn ,Beats,23945,633,17656,107,78
 styn ,Beats,23945,628,19650,100,75
 styn ,Beats,23945,741,24513,115,87
 styn ,Beats,23945,216,7565,37,15
 downtime ,Beats,23201,1134,43625,141,38
 downtime ,Beats,23201,4498,206580,469,132
 JeF-Zero ,Beats,1602,1126,34774,206,32
 JeF-Zero ,Beats,1602,138,3880,12,14
 JeF-Zero ,Beats,1602,79,2275,11,5
 JeF-Zero ,Beats,1602,77,2222,11,9
 JeF-Zero ,Beats,1602,70,1623,5,2
 JeF-Zero ,Beats,1602,308,11196,51,23
 JeF-Zero ,Beats,1602,501,11074,84,31
 JeF-Zero ,Beats,1602,255,7029,36,10
 shxdown ,Beats,1271,479,15265,84,33
 Atem. ,Beats,437,777,36479,114,25
 90FIVE ,Beats,363,149,5980,27,12
 xander. ,Beats,17598,1383,51260,209,34
 glxy ,Beats,12838,8675,396028,1436,182
 Duumu ,Beats,11479,3052,91836,511,218
 NECRO OFFICIAL PAGE ,Beats,11432,5132,297328,375,57
 AGoff Tha Hitman ,Beats,11427,1645,84488,188,19
 fleece ,Beats,11332,2217,94012,325,105
Future,Rap,9837167,483165,36467471,36316,1019
Future,Rap,9837167,551009,42768133,41645,1165
Future,Rap,9837167,229991,18145628,18761,490
 Future ,Rap,9837167,66661,5663128,4643,84
 Future ,Rap,9837167,1183100,86440786,83876,5366
 Future ,Rap,9837167,951215,68840949,66434,4858
 Future ,Rap,9837167,1198410,93166809,95490,4733
 Future ,Rap,9837167,56188,4899842,3658,110
 Future ,Rap,9837167,529494,38432615,36970,1190
 Future ,Rap,9837167,12345,1087483,1123,100
 Future ,Rap,9837167,7881,832695,581,30
 Future ,Rap,9837167,242151,19382484,15760,2066
 Future ,Rap,9837167,41911,3509322,2771,160
 Future ,Rap,9837167,11936,1173784,849,30
 Future ,Rap,9837167,14804,1383090,1085,53
 Future ,Rap,9837167,9394,893110,858,36
 Future ,Rap,9837167,133857,11186881,9777,250
 Future ,Rap,9837167,466155,38664824,34577,903
 Future ,Rap,9837167,1750,167451,110,6
 Future ,Rap,9837167,10108,814963,752,25
 Future ,Rap,9837167,6726,530891,496,10
 Future ,Rap,9837167,6910,715736,532,64
 Future ,Rap,9837164,6905,648439,457,40
 Future ,Rap,9837164,2644,302198,155,17
 Future ,Rap,9837164,62484,2211931,5781,359
 Def Jam Recordings ,Rap,8526734,171669,11948302,26155,1918
 Def Jam Recordings ,Rap,8526734,49001,3358951,7486,1166
 XXXTENTACION ,Rap,3985792,205548,18000880,10098,1617
 XXXTENTACION ,Rap,3985791,189293,14252265,10277,2000
 LIL UZI VERT ,Rap,2278016,177960,14739975,6885,1361
 LIL UZI VERT ,Rap,2278015,202993,14683601,13632,947
 LIL UZI VERT ,Rap,2278015,777625,63575431,37965,5241
 LIL UZI VERT ,Rap,2278015,286077,22898359,16774,2096
 LIL UZI VERT ,Rap,2278015,19994,2153672,1233,175
 LIL UZI VERT ,Rap,2278015,308979,24531217,15621,2264
 LIL UZI VERT ,Rap,2278015,758453,71453821,27678,6927
 LIL UZI VERT ,Rap,2278015,215646,19309592,8386,1521
 LIL UZI VERT ,Rap,2278015,163987,15213332,5944,1056
 LIL UZI VERT ,Rap,2278015,722928,73777221,24650,6208
 LIL UZI VERT ,Rap,2277993,438382,31995680,33446,4394
 LIL UZI VERT ,Rap,2277993,546223,46533924,37006,4418
 LIL UZI VERT ,Rap,2277993,150931,12144835,7556,979
 LIL UZI VERT ,Rap,2277988,83885,6599090,6646,243
 LIL UZI VERT ,Rap,2277987,69904,5668198,4151,472
 LIL UZI VERT ,Rap,2277986,97859,7061665,4531,1022
 LIL UZI VERT ,Rap,2277985,295794,25543278,17392,1366
 LIL UZI VERT ,Rap,2277985,1808286,15745556,112554,19414
 LIL UZI VERT ,Rap,2277985,1616600,13431239,92412,15537
 LIL UZI VERT ,Rap,2277985,936507,79798738,53912,6919
 LIL UZI VERT ,Rap,2277985,158882,14701724,10062,861
LIL UZI VERT,Rap,2277985,225969,21560770,12094,953
LIL UZI VERT ,Rap,2277985,315707,27501356,18660,1363
LIL UZI VERT ,Rap,2277985,304096,25648325,18536,1331
LIL UZI VERT ,Rap,2277984,362806,30935972,19792,1882
 50 Cent ,Rap,1727931,180097,10674992,5249,601
LIL PEEP,Rap,1725596,219911,23174515,8111,2067
 Travis Scott ,Rap,1687245,321353,20076269,36915,1984
 Travis Scott ,Rap,1687245,55934,3523063,5299,280
 Travis Scott ,Rap,1687245,88327,5590018,7949,455
 Travis Scott ,Rap,1687241,283258,22202285,19889,1674
 Travis Scott ,Rap,1687241,552159,40371781,45297,2390
 Travis Scott ,Rap,1687241,173082,16729809,12192,1299
 Travis Scott ,Rap,1687241,1037646,79783487,87815,6772
 Travis Scott ,Rap,1687241,206304,18973323,16221,942
 Travis Scott ,Rap,1687241,440641,33191677,30631,1972
 Travis Scott ,Rap,1687241,90713,10064684,5701,524
 Travis Scott ,Rap,1687241,428874,29561469,36093,1769
 Travis Scott ,Rap,1687241,109045,10989645,7950,630
 Travis Scott ,Rap,1687241,203238,15838131,15746,1135
 Travis Scott ,Rap,1687241,175108,12840073,13690,723
 Travis Scott ,Rap,1687241,61763,6046125,4051,277
 Post Malone ,Rap,1600825,574298,43321629,54295,2157
Trippie Redd,Rap,1298038,35882,2286902,1729,189
 Kodak Black ,Rap,1292280,32776,2967997,2248,622
 Kodak Black ,Rap,1292280,340526,26776795,18621,883
 Kodak Black ,Rap,1292280,336913,21370960,22392,1138
 Kodak Black ,Rap,1292279,728830,64951514,34762,4106
 Kodak Black ,Rap,1292279,1152540,89874453,68122,6801
 Kodak Black ,Rap,1292279,901129,73702105,54199,5351
 Kodak Black ,Rap,1292278,18789,2457524,1086,59
 Migos ,Rap,1166023,828,59183,41,2
 Migos ,Rap,1166022,37431,2011915,4365,152
 Migos ,Rap,1166022,669524,44473669,44695,3710
 Migos ,Rap,1166022,2596212,20470059,168858,28633
 Migos ,Rap,1166022,377943,28623849,19604,1260
 Migos ,Rap,1166022,114893,7863564,17570,1050
 $UICIDEBOY$ ,Rap,1158530,296317,23697306,23535,1610
 SKI MASK THE SLUMP GOD ,Rap,1142016,530600,37460762,26080,4200
 SKI MASK THE SLUMP GOD ,Rap,1142016,57755,3527274,2750,260
 SKI MASK THE SLUMP GOD ,Rap,1142016,77246,4097198,5460,320
 SKI MASK THE SLUMP GOD ,Rap,1142016,79353,4716952,4147,442
 SKI MASK THE SLUMP GOD ,Rap,1142016,68087,4788805,5489,865
 SKI MASK THE SLUMP GOD ,Rap,1142016,71006,4427238,4879,445
 SKI MASK THE SLUMP GOD ,Rap,1142016,41345,2647288,2889,298
 SKI MASK THE SLUMP GOD ,Rap,1142016,28093,1664344,1302,147
 SKI MASK THE SLUMP GOD ,Rap,1142016,28265,1766755,1648,157
 SKI MASK THE SLUMP GOD ,Rap,1142016,166144,10531780,9157,1959
YoungBoy Never Broke Again ,Rap,1104804,114525,9518703,3607,212
21 Savage,Rap,1054331,699904,51291317,34733,5334
21 Savage ,Rap,1054330,90231,5457982,7354,425
21 Savage ,Rap,1054330,263774,16286406,14856,1283
21 Savage ,Rap,1054330,467620,34217184,23310,2085
21 Savage ,Rap,1054329,59226,3420954,4586,199
 Young Thug ,Rap,935269,9266,706220,929,36
 Young Thug ,Rap,935269,6056,520102,639,20
 Young Thug ,Rap,935269,51408,2391340,2811,236
 Young Thug ,Rap,935269,403540,26066406,20539,1772
 Young Thug ,Rap,935269,74331,4301644,5042,185
 Young Thug ,Rap,935269,109991,6794863,7348,334
 Young Thug ,Rap,935269,196049,11917504,21823,1110
 Young Thug ,Rap,935267,522,39509,43,5
 Young Thug ,Rap,935266,160,13699,7,3
" Lil Yachty, RD, Lil Boat ",Rap,829482,70829,5500660,7584,233
" Lil Yachty, RD, Lil Boat ",Rap,829482,34376,2975629,3509,90
 Interscope Records ,Rap,803614,31307,2162603,3587,187
 Interscope Records ,Rap,803614,37477,2624443,4887,322
 playboicarti ,Rap,772324,154691,9319709,11587,1272
 playboicarti ,Rap,772324,194075,29829329,12848,1358
 playboicarti ,Rap,772324,175302,11325484,11186,844
 playboicarti ,Rap,772324,141598,9092699,8954,761
 playboicarti ,Rap,772323,48209,3114054,3982,344
 playboicarti ,Rap,772323,81587,5559480,6074,427
 playboicarti ,Rap,772320,232358,15197546,14382,1522
 playboicarti ,Rap,772320,546070,42946720,45154,3228
 playboicarti ,Rap,772320,560336,39095810,46426,2403
 6IX9INE ,Rap,755688,1257628,11557021,51404,18839
 Metro Boomin ,Rap,625944,47234,2967886,7115,280
 smokepurpp ,Rap,618203,38048,2210997,3667,226
 smokepurpp ,Rap,618202,63014,4008807,5729,251
 smokepurpp ,Rap,618201,79688,4530853,7431,443
 smokepurpp ,Rap,618201,865738,73942709,43208,7801
 smokepurpp ,Rap,618201,462656,43905234,23501,3389
 Lil Baby ,Rap,586596,761870,55683368,22389,3675
 NAV ,Rap,580275,571885,44213420,51120,2233
 NAV ,Rap,580275,347415,33170315,9685,3212
NAV,Rap,580275,873547,69156294,69240,3415
NAV,Rap,580275,217438,16246978,15905,713
NAV,Rap,580275,232175,16823195,22539,1164
NAV,Rap,580275,397034,29758697,33170,1134
Pouya,Rap,518555,37151,2176976,5998,219
Pouya,Rap,518555,75811,4674514,8935,284
Pouya,Rap,518555,164719,11672041,17186,768
Pouya,Rap,518555,28970,2171006,3890,165
Pouya,Rap,518555,45773,3134194,5717,214
Pouya,Rap,518555,23481,1625784,3181,129
 Rich The Kid ,Rap,498990,111319,7250020,10320,405
 Rich The Kid ,Rap,498990,13656,851462,1378,70
 Rich The Kid ,Rap,498990,34146,1852952,3268,183
 Rich The Kid ,Rap,498990,154096,10713875,9512,528
 Rich The Kid ,Rap,498990,39760,2579790,3153,142
 Rich The Kid ,Rap,498989,137306,8338735,12455,549
 Rich The Kid ,Rap,498989,25662,1910298,1685,70
 Rich The Kid ,Rap,498989,266394,18759958,19127,825
 Rich The Kid ,Rap,498989,60067,3749090,4592,157
 Usher ,Rap,492995,3027,178263,145,3
 DENZELCURRYPH ,Rap,450633,8269,574946,831,28
 DENZELCURRYPH ,Rap,450633,80870,5183704,9999,413
 DENZELCURRYPH ,Rap,450633,487297,33941843,43040,5683
 DENZELCURRYPH ,Rap,450633,133415,8816663,16396,896
 DENZELCURRYPH ,Rap,450633,107022,7418786,17322,477
TeamSESH ,Rap,426953,72599,6055636,6436,360
TeamSESH ,Rap,426953,243996,18227715,22674,1729
TeamSESH ,Rap,426953,132294,10003361,14191,898
TeamSESH ,Rap,426953,64111,5350697,6463,385
 ChiefKeef ,Rap,384866,2538,180557,124,7
 ChiefKeef ,Rap,384866,427,44062,23,0
 ChiefKeef ,Rap,384866,824,63089,50,4
 ChiefKeef ,Rap,384866,1088,76706,67,3
 ChiefKeef ,Rap,384866,1242,80413,64,5
 ChiefKeef ,Rap,384865,2835,159271,200,6
 ChiefKeef ,Rap,384865,1015,51864,70,2
 ChiefKeef ,Rap,384865,3457,197599,260,6
 ChiefKeef ,Rap,384865,3218,214694,219,11
 ChiefKeef ,Rap,384865,4935,339322,328,11
 ChiefKeef ,Rap,384865,3966,223416,290,6
 ChiefKeef ,Rap,384865,4707,316207,311,17
 ChiefKeef ,Rap,384865,3110,170002,336,21
 ChiefKeef ,Rap,384865,33677,2294290,1628,193
 ChiefKeef ,Rap,384865,2447,155374,179,6
 ChiefKeef ,Rap,384865,7521,481546,328,43
 ChiefKeef ,Rap,384864,40640,2827559,4256,155
 ChiefKeef ,Rap,384864,696404,49139838,51861,3548
 ChiefKeef ,Rap,384864,207975,16018371,20451,1238
 ChiefKeef ,Rap,384864,152285,11499285,15978,596
 ChiefKeef ,Rap,384864,10366,757814,1393,23
 ChiefKeef ,Rap,384864,17840,1327839,3868,304
 ChiefKeef ,Rap,384864,113962,7804796,6273,284
 ChiefKeef ,Rap,384864,159833,12052566,15191,2209
 ChiefKeef ,Rap,384864,98061,6127736,6386,486
 ChiefKeef ,Rap,384864,7984,515276,608,29
 ChiefKeef ,Rap,384864,8577,481321,488,20
 ChiefKeef ,Rap,384864,846543,66612234,58027,6480
 ChiefKeef ,Rap,384864,1200,86264,110,7
 ChiefKeef ,Rap,384864,401,29719,25,5
 ChiefKeef ,Rap,384864,406,31156,20,2
ChiefKeef,Rap,384864,21516,1535231,2384,89
 ChiefKeef ,Rap,384862,6126,451978,417,15
 YUNG LEAN ,Rap,367067,191802,13343194,28855,3295
 YUNG LEAN ,Rap,367067,33427,1788910,5048,460
 MadeinTYO ,Rap,359862,1013031,76731820,76042,5655
 MadeinTYO ,Rap,359862,74141,4561832,8026,179
 MadeinTYO ,Rap,359862,5778,395501,568,6
 MadeinTYO ,Rap,359862,93431,5650614,9967,441
 MadeinTYO ,Rap,359862,19607,1121759,2063,43
 XavierWulf ,Rap,357094,180910,13468844,15548,941
 XavierWulf ,Rap,357094,91307,7008194,8995,581
 XavierWulf ,Rap,357094,98236,7747332,8299,458
 XavierWulf ,Rap,357094,57330,4600326,5842,211
 XavierWulf ,Rap,357094,23883,1756254,3145,210
 XavierWulf ,Rap,357094,44785,2603491,6171,304
 Lil Dicky ,Rap,335029,683852,45661524,52934,5029
 Virtual Riot ,Rap,311234,5998,140067,706,368
G Herbo ,Rap,285775,15280,1041825,618,13
G Herbo ,Rap,285775,36371,2458290,1765,41
 ChrisTravis ,Rap,280966,5438,319496,484,12
 ChrisTravis ,Rap,280966,273929,19760751,28224,1397
 ChrisTravis ,Rap,280966,3025,173289,589,49
 ChrisTravis ,Rap,280966,44863,3392635,4893,238
 Famous Dex ,Rap,280961,9483,551148,485,35
 ASAPMob ,Rap,279760,110867,7632955,6522,271
 LifeOfDesiigner ,Rap,278162,145360,10645662,10064,1015
wifisfuneral ,Rap,272927,66224,3655564,7282,188
 Plugged Soundz ,Rap,255982,49661,2587627,4232,289
 Plugged Soundz ,Rap,255982,9168,511530,799,21
 Plugged Soundz ,Rap,255982,56098,3479962,5061,205
 Plugged Soundz ,Rap,255982,19707,1282493,1931,188
 Plugged Soundz ,Rap,255982,22782,1499443,1931,68
 Plugged Soundz ,Rap,255982,22949,1231629,2110,166
 Plugged Soundz ,Rap,255982,44925,2933217,3610,307
 Plugged Soundz ,Rap,255982,68907,4854947,4499,308
 Plugged Soundz ,Rap,255982,13771,1133984,1134,31
 Plugged Soundz ,Rap,255982,43236,2660879,3600,343
 Plugged Soundz ,Rap,255982,6452,268887,624,12
 Plugged Soundz ,Rap,255982,5489,233166,566,20
 Plugged Soundz ,Rap,255982,25678,1616102,2143,82
 Plugged Soundz ,Rap,255982,19414,1256027,1356,40
 Plugged Soundz ,Rap,255982,2727,200767,209,3
 Plugged Soundz ,Rap,255982,3129,197081,201,3
 Plugged Soundz ,Rap,255982,8018,367725,673,11
 Plugged Soundz ,Rap,255982,8218,567204,502,13
 Plugged Soundz ,Rap,255982,3526,226552,245,4
 Plugged Soundz ,Rap,255980,9842,389666,797,34
 Trill Sammy ,Rap,250308,19803,1057423,1306,62
IFFY FM ,Rap,248703,88955,3874711,18242,760
 ILOVEMAKONNEN ,Rap,248010,45560,2393864,6804,325
 ILOVEMAKONNEN ,Rap,248010,135334,7288869,18774,583
 ILOVEMAKONNEN ,Rap,248010,170163,10733161,23538,736
 ILOVEMAKONNEN ,Rap,248010,56995,3576169,6707,279
 Stones Throw Records ,Rap,245294,19982,1088810,1906,152
 SpeakerKnockerz ,Rap,235372,1542147,12848359,138287,26865
 SpeakerKnockerz ,Rap,235371,520867,41975774,57511,4827
 2 Chainz ,Rap,222383,23533,1490965,2364,93
 2 Chainz ,Rap,222383,392268,26931610,30908,1132
 Ft. Shakewell & Mikey The Magician Prod.Mikey The Magician by Fat Nick ,Rap,208387,11581,883401,1183,50
 Fat Nick ,Rap,208387,32494,2190975,2935,109
 Fat Nick ,Rap,208387,13263,988256,1199,34
 Fat Nick ,Rap,208387,14318,947013,1645,91
 Fat Nick ,Rap,208387,9807,760010,921,30
 Fat Nick ,Rap,208387,9151,681388,719,17
 Fat Nick ,Rap,208387,162595,13804285,10973,1188
 Fat Nick ,Rap,208387,12105,805901,1240,58
 Fat Nick ,Rap,208387,10322,758586,943,48
 Fat Nick ,Rap,208387,201317,20953018,9290,2189
 Fat Nick ,Rap,208387,6077,540784,468,16
 Fat Nick ,Rap,208387,5403,474146,454,18
 Fat Nick ,Rap,208387,25838,1603276,3486,164
 Fat Nick ,Rap,208387,15618,1166527,1412,63
 Fat Nick ,Rap,208387,30898,1874297,3084,233
 Fat Nick ,Rap,208387,67913,4623581,7248,273
 Fat Nick ,Rap,208387,59583,3978320,6441,242
 Jay Critch ,Rap,189524,41027,2412305,2829,60
 Jay Critch ,Rap,189524,25629,1565179,1645,55
 D Savage ,Rap,167835,44039,3458801,3973,327
 D Savage ,Rap,167835,79836,6842654,6873,496
 D Savage ,Rap,167835,336450,25481878,25056,1451
 D Savage ,Rap,167834,130743,10889881,10463,560
 UnoTheActivist ,Rap,167700,65653,3560195,5628,206
 UnoTheActivist ,Rap,167700,35250,1933177,3744,181
 UnoTheActivist ,Rap,167699,77503,4484547,6978,287
 Germ ,Rap,167099,75268,4832346,8387,247
 Germ ,Rap,167099,181001,15225862,12687,833
 Germ ,Rap,167099,47200,3098937,5708,186
 MAXO KREAM ,Rap,165905,51194,3580839,4272,134
 MAXO KREAM ,Rap,165905,41966,2484632,4784,106
 AWGE ,Rap,163674,86443,5279304,10478,593
 AWGE ,Rap,163674,325989,19804808,33603,963
Robb Bank$ ,Rap,160821,9466,661999,2306,65
 Robb Bank$ ,Rap,160821,37079,2076783,5326,134
 Robb Bank$ ,Rap,160821,33804,1846213,5043,100
 Robb Bank$ ,Rap,160821,13592,657584,2331,45
 Robb Bank$ ,Rap,160821,9806,486953,1745,58
 Robb Bank$ ,Rap,160821,42917,2566735,5991,211
 Robb Bank$ ,Rap,160821,60539,3139388,9201,203
 Robb Bank$ ,Rap,160821,24435,1313788,4967,154
 Robb Bank$ ,Rap,160821,13466,739754,2065,182
Robb Bank$ ,Rap,160821,14303,860906,2939,174
Robb Bank$ ,Rap,160821,4837,399270,1016,61
 Knx.ノレッジ ,Rap,156671,7973,364773,1293,207
 GOTHBOICLIQUE ,Rap,151191,5401,345116,265,53
 LUCKI ,Rap,142971,22137,1076811,1595,168
 LUCKI ,Rap,142971,20014,858230,1181,290
 LUCKI ,Rap,142971,8058,670171,653,28
 LUCKI ,Rap,142971,28295,1924189,3129,282
 LUCKI ,Rap,142971,9565,769822,810,15
 LUCKI ,Rap,142971,6793,606984,605,24
 Sonny Digital ,Rap,138426,37645,2684144,3378,69
 Sonny Digital ,Rap,138426,29565,1746891,3078,114
 Pierre Bourne ,Rap,134018,11095,584936,719,24
 YoGottiKOM ,Rap,133936,69436,5195644,2977,190
 Young Dolph ,Rap,131995,21508,1561966,893,25
 Young Dolph ,Rap,131995,68131,4494994,2892,78
 Young Dolph ,Rap,131995,58988,4528385,3129,121
 Murda Beatz ,Rap,130051,19986,945997,2510,129
 Murda Beatz ,Rap,130051,102412,5245102,7291,400
 Murda Beatz ,Rap,130050,16945,1058702,1774,59
 THOUXANBANFAUNI ,Rap,126488,36845,2204020,3524,100
 THOUXANBANFAUNI ,Rap,126488,99557,5847918,8168,364
 THOUXANBANFAUNI ,Rap,126487,2603,122141,169,35
 AKACHI BEATS & GREN8 by THOUXANBANFAUNI ,Rap,126487,23060,1003752,1857,106
 Nebu Kiniza ,Rap,119623,62618,3517507,8768,176
 RONNYJ ,Rap,115097,295097,23245915,21095,3097
 RONNYJ ,Rap,115097,164722,10718531,12047,935
 16yrold ,Rap,115002,41499,2283772,3864,203
 Gallant ,Rap,114620,3507,311775,733,57
 Gallant ,Rap,114620,9528,573541,2203,135
 Gallant ,Rap,114620,2237,178824,439,24
 Gallant ,Rap,114620,4488,354221,982,61
 Gallant ,Rap,114620,4427,389244,877,77
 Digital Trapstars ,Rap,114167,57957,4028906,8755,707
 Young Nudy ,Rap,113644,16456,739539,1097,34
 Young Nudy ,Rap,113644,9893,558267,522,19
 Young Nudy ,Rap,113644,12942,819733,632,38
 Young Nudy ,Rap,113644,5083,302724,218,12
 Young Nudy ,Rap,113644,14565,828649,814,32
 Young Nudy ,Rap,113644,5166,316574,285,21
 Young_Dolph ,Rap,111627,326705,23226255,22566,1002
 Young_Dolph ,Rap,111627,27187,1648711,1845,51
 KEY! ,Rap,110812,25792,1459718,4452,121
 KEY! ,Rap,110812,3114,181723,407,19
 KEY! ,Rap,110812,31835,1574112,4859,150
 KEY! ,Rap,110812,6122,306157,1040,30
 KEY! ,Rap,110812,15117,713878,2457,56
 KEY! ,Rap,110811,5463,271766,905,27
 Blac Youngsta ,Rap,108076,149774,9533566,5880,180
 Blac Youngsta ,Rap,108076,18172,1169256,1119,97
 Stoopidxool & Akachi by Joey Trap ,Rap,107845,594,30877,22,26
 Joey Trap ,Rap,107845,698,44026,32,8
 Joey Trap ,Rap,107845,2093,134332,85,16
 Joey Trap ,Rap,107845,890,57252,39,5
 Joey Trap ,Rap,107845,850,53555,33,5
 Joey Trap ,Rap,107845,654,44446,30,10
 Joey Trap ,Rap,107845,641,37698,31,8
 Joey Trap ,Rap,107845,2661,127611,145,44
 Joey Trap ,Rap,107845,7118,415084,246,154
 Joey Trap ,Rap,107845,3684,210391,88,80
 Joey Trap ,Rap,107845,1224,45929,53,47
 Joey Trap ,Rap,107845,1210,53246,50,43
 Joey Trap ,Rap,107845,1189,58786,36,60
 Joey Trap ,Rap,107845,965,72645,40,5
 Joey Trap ,Rap,107845,1625,104987,77,20
 Joey Trap ,Rap,107845,2967,201093,106,36
 Joey Trap ,Rap,107845,760,53992,33,11
 Joey Trap ,Rap,107845,2748,144026,188,30
 Joey Trap ,Rap,107845,637,46451,25,6
 Joey Trap ,Rap,107845,916,63488,48,10
 SahBabii ,Rap,104370,92385,5333255,6714,466
 SahBabii ,Rap,104368,61388,3788002,4524,361
 SahBabii ,Rap,104368,7421,446580,492,84
24hrs ,Rap,104043,64504,3511945,2,212
 24hrs ,Rap,104043,116374,5786762,15005,368
 24hrs ,Rap,104043,17551,947677,2579,125
 HBK GANG ,Rap,99323,69740,4032071,9094,205
 HBK GANG ,Rap,99323,21800,1521140,2859,96
 HBK GANG ,Rap,99323,96652,6122730,12596,126
 HBK GANG ,Rap,99323,28066,1900110,4127,89
 Rob $TONE ,Rap,97052,1388842,11368731,97022,12816
 SwuM ,Rap,94213,14506,605065,2894,253
Hoodrich Pablo Juan ,Rap,93958,3931,264214,280,12
Hoodrich Pablo Juan ,Rap,93958,2508,194067,173,12
Hoodrich Pablo Juan ,Rap,93958,4542,269082,495,22
Hoodrich Pablo Juan ,Rap,93958,6853,319390,746,20
Hoodrich Pablo Juan ,Rap,93958,3233,219029,249,5
Hoodrich Pablo Juan ,Rap,93958,6886,420020,456,19
Hoodrich Pablo Juan ,Rap,93958,13397,1024641,905,19
Hoodrich Pablo Juan ,Rap,93955,6281,469650,454,17
Hoodrich Pablo Juan ,Rap,93955,4876,400762,312,11
Hoodrich Pablo Juan ,Rap,93955,2127,171406,154,9
Hoodrich Pablo Juan ,Rap,93955,4131,309281,272,9
Hoodrich Pablo Juan ,Rap,93955,1742,111121,158,4
Hoodrich Pablo Juan ,Rap,93955,1871,118469,210,6
Hoodrich Pablo Juan ,Rap,93955,7464,399180,790,33
Hoodrich Pablo Juan ,Rap,93955,4406,216387,506,16
Hoodrich Pablo Juan ,Rap,93955,5095,304103,516,12
 Planet Mu Records ,Rap,85606,1320,50545,117,33
 WARHOL.SS ,Rap,80717,8982,334835,978,31
 k$upreme ,Rap,80516,7259,420382,490,34
 k$upreme ,Rap,80516,6043,361488,423,31
 k$upreme ,Rap,80516,25345,1580510,2758,131
 k$upreme ,Rap,80516,16806,922768,1648,156
 DJ SMOKEY 666 ,Rap,80450,3541,161940,482,33
IAMSU! ,Rap,79983,159057,11154661,10501,252
IAMSU! ,Rap,79983,24272,1308846,3260,79
 DailyLoudSounds ,Rap,76960,173821,11999497,9076,550
 Soulja Boy ,Rap,76514,22,1373,2,0
 Soulja Boy ,Rap,76513,3127,159135,437,64
 Soulja Boy ,Rap,76513,1927,114147,176,13
 BLADEE ,Rap,72286,11273,653020,1452,268
 BLADEE ,Rap,72286,10688,599880,1222,202
 B L A C K K R A Y ,Rap,71334,3223,152123,324,23
 B L A C K K R A Y ,Rap,71333,6459,293184,588,65
 B L A C K K R A Y ,Rap,71333,10312,521030,1067,48
 Daily Hits ,Rap,67875,29869,2308169,986,18
 Young Chop ,Rap,67101,15769,1366600,2851,373
 Young Chop ,Rap,67101,138918,11217637,13538,682
 Young Chop ,Rap,67101,135860,9719622,7702,488
 Young Chop ,Rap,67101,643,42495,59,4
 tsuruda ,Rap,65588,1343,14954,185,69
 tsuruda ,Rap,65588,1284,13392,203,66
 tsuruda ,Rap,65588,2261,36433,266,122
 tsuruda ,Rap,65588,1576,25612,212,101
 FredoSantana300 ,Rap,65470,49478,3355314,7521,689
 FredoSantana300 ,Rap,65470,37477,2493851,4460,249
 Bankroll Fresh ,Rap,65339,32570,1932694,2583,199
 Bankroll Fresh ,Rap,65339,467095,33154610,30940,1686
 Ramriddlz ,Rap,63197,21525,1516293,4361,156
 Ramriddlz ,Rap,63197,61689,3960337,10558,213
 Ramriddlz ,Rap,63197,2771,289837,438,6
 Ramriddlz ,Rap,63197,9798,861835,1614,35
 POLLARI ,Rap,62051,45642,2701643,4739,146
 ROJAS ,Rap,61572,1956487,17639951,108503,41837
 Lil Wop17 ,Rap,60203,3976,229707,203,9
 CHXPO SOICY ,Rap,56314,560,37536,46,6
 CHXPO SOICY ,Rap,56314,388,18354,30,1
 CHXPO SOICY ,Rap,56314,562,24713,67,2
 CHXPO SOICY ,Rap,56314,558,31250,53,8
 CHXPO SOICY ,Rap,56314,600,31200,65,9
 CHXPO SOICY ,Rap,56314,5576,230343,538,61
 e40 ,Rap,55107,111221,9337267,14823,1029
 Authors Recording Company ,Rap,53784,6888,231990,1194,254
 drain gang ,Rap,53359,4917,371130,773,114
 NASCAR ALOE ,Rap,52531,4523,254812,290,137
 NASCAR ALOE ,Rap,52531,5646,339161,363,152
 NASCAR ALOE ,Rap,52531,7150,444281,320,109
 T.T.B. ,Rap,51314,29090,1541752,2482,86
 T.T.B. ,Rap,51314,71348,4413932,6160,297
 T.T.B. ,Rap,51314,40978,2366944,2907,195
 T.T.B. ,Rap,51314,17567,855093,1516,44
 T.T.B. ,Rap,51312,16124,682852,1832,42
 T.T.B. ,Rap,51312,20483,1235385,1823,71
 TWO-9 ,Rap,49266,3250,174480,486,7
 Smooky MarGielaa ,Rap,45769,9260,549114,860,30
 Smooky MarGielaa ,Rap,45769,12210,764271,902,35
 BRENMAR ,Rap,45282,17154,1017403,2319,69
 @damnbrandont ,Rap,42308,69676,39781443,7717,1071
 Larry League ,Rap,40798,17269,1128984,1983,64
BobbyRaps ,Rap,39907,11440,518213,2214,92
 yung gleesh ,Rap,38807,1174,44045,50,15
 yung gleesh ,Rap,38807,34525,1609291,3472,209
 yung gleesh ,Rap,38807,9038,376457,1150,29
 yung gleesh ,Rap,38807,6260,297616,993,34
 yung gleesh ,Rap,38807,6026,382704,658,22
 yung gleesh ,Rap,38807,1292,95880,155,8
 Reese LAFLARE ,Rap,38515,46162,2667537,6029,110
 LilBTheBasedGod ,Rap,37046,5789,248056,1124,187
 Digital Nas & Scoop by DIGITAL NAS ,Rap,36473,81490,5872720,7407,463
 DIGITAL NAS ,Rap,36473,247402,15584640,17209,1253
 SLIGHT ,Rap,36311,3152,137634,505,179
 SLIGHT ,Rap,36311,1644,63189,238,65
 P-Lo ,Rap,33690,16114,976243,2176,30
 lilcandypaint *Candypaint ,Rap,33352,16895,1013534,1467,102
 lilcandypaint *Candypaint ,Rap,33352,7850,413657,566,28
 thaiboy digital ,Rap,32572,1101,94581,98,18
 thaiboy digital ,Rap,32572,1673,153194,208,29
 thaiboy digital ,Rap,32572,2864,247539,309,45
 thaiboy digital ,Rap,32572,935,92632,110,16
 thaiboy digital ,Rap,32572,673,70330,90,16
 KirbLaGoop ,Rap,27208,3670,159800,624,72
BIG PAPA SLIM ,Rap,25535,429,23559,46,4
BIG PAPA SLIM ,Rap,25535,258,13085,25,2
BIG PAPA SLIM ,Rap,25535,302,11766,23,2
 10k.Caash ,Rap,24687,694,27391,46,8
 rapsandhustles.com ,Rap,24557,4849,362270,520,9
 rapsandhustles.com ,Rap,24557,9482,715755,955,31
" Post Malone, FKi & Rex Kudo by iAmZuse ",Rap,24194,460896,34017510,38760,2015
 DJ PHAT ,Rap,22634,1668,98534,131,5
 DJ PHAT ,Rap,22634,399,21572,32,0
 TrapMoneyBenny by TrapMoneyBenny ,Rap,22308,28651,1602250,3049,157
 TrapMoneyBenny by TrapMoneyBenny ,Rap,22308,80466,5752635,7208,346
 TrapMoneyBenny ,Rap,22308,13227,810528,1748,48
 Rap ,Rap,21975,311,16583,20,0
 @GloGangUpdates ,Rap,21975,19169,1540740,2941,233
 @GloGangUpdates ,Rap,21975,15849,1114648,2616,112
 @GloGangUpdates ,Rap,21975,61738,4723286,9217,612
 @GloGangUpdates ,Rap,21975,4155,279702,587,18
 @GloGangUpdates ,Rap,21975,3991,334340,1116,102
 @GloGangUpdates ,Rap,21975,6840,570571,1070,34
 Shabazz PBG ,Rap,21749,7228,477048,506,30
 Shabazz PBG ,Rap,21749,21620,1729187,1224,91
 けｍ SURF ,Rap,21456,7396,469943,985,261
 BOOFBOIICY ,Rap,21331,3092,108142,235,51
 Danny Wolf ,Rap,20682,11976,667109,844,47
 Weiland ,Rap,19568,2748,167970,256,35
 Weiland ,Rap,19568,6252,234192,559,589
 YSB OG a.k.a Kane Grocerys ,Rap,19521,2463,107626,301,20
 BRENTRAMBO ,Rap,19168,2667,120136,131,15
 BRENTRAMBO ,Rap,19168,3039,141971,125,29
 BRENTRAMBO ,Rap,19168,4962,212034,296,56
 BRENTRAMBO ,Rap,19168,3137,139907,158,33
 BRENTRAMBO ,Rap,19168,7472,360087,387,113
 F1LTHY ,Rap,18995,3485,169769,372,30
 ATL SMOOK ,Rap,18955,1580,76415,166,5
 ATL SMOOK ,Rap,18955,2395,178774,249,14
 ATL SMOOK ,Rap,18955,6119,412210,602,30
 DJ Screw Mixtapes ,Rap,18575,2462,144510,312,44
 DJ Screw Mixtapes ,Rap,18575,1424,83772,219,13
 DJ Screw Mixtapes ,Rap,18575,1011,63217,114,6
 DJ Screw Mixtapes ,Rap,18575,1429,97417,195,18
 DJ Screw Mixtapes ,Rap,18575,1581,97749,222,19
 DJ Screw Mixtapes ,Rap,18575,1422,73235,192,14
 DJ Screw Mixtapes ,Rap,18575,896,50906,118,11
 DJ Screw Mixtapes ,Rap,18575,1933,116982,259,21
 WIFIGAWD AKA UPT SOULJAH ,Rap,18548,2239,100269,296,47
 captaincrunch ,Rap,18092,658,24787,46,10
 captaincrunch ,Rap,18092,2800,114113,155,44
YG ADDIE A$AP ANT ,Rap,15225,2192,77089,174,28
 Deemed ,Rap,14848,1215,35431,215,102
 Deemed ,Rap,14848,2986,113880,494,126
 Deemed ,Rap,14848,202,5960,36,14
 Deemed ,Rap,14848,5576,242764,730,22
 Deemed ,Rap,14848,273,8900,62,11
Deemed ,Rap,14848,3997,168957,676,107
 David Shawty ,Rap,13057,2595,172121,209,40
 David Shawty ,Rap,13057,786,56993,72,9
 David Shawty ,Rap,13057,879,60091,80,37
 David Shawty ,Rap,13057,2036,105371,161,51
 David Shawty ,Rap,13057,951,57257,66,24
 David Shawty ,Rap,13057,790,41784,73,39
 David Shawty ,Rap,13057,781,36270,67,35
 David Shawty ,Rap,13057,1234,70222,89,78
 David Shawty ,Rap,13057,1963,101763,162,111
 David Shawty ,Rap,13056,583,21832,24,28
 David Shawty ,Rap,13056,568,19433,35,23
 Pasto Flocco ,Rap,12765,2439,185725,68,69
 Pasto Flocco ,Rap,12765,3074,197637,119,150
 Pasto Flocco ,Rap,12765,1423,91053,35,44
 Pasto Flocco ,Rap,12765,1988,168935,59,68
 Pasto Flocco ,Rap,12765,1077,83858,30,19
 Pasto Flocco ,Rap,12765,3677,258778,132,147
 Pasto Flocco ,Rap,12764,718,17665,21,48
 Pasto Flocco ,Rap,12764,1008,22683,32,91
 Pasto Flocco ,Rap,12764,618,15692,19,42
 Pasto Flocco ,Rap,12764,834,19908,22,43
 Pasto Flocco ,Rap,12764,735,18752,15,40
 Pasto Flocco ,Rap,12764,671,18010,24,44
 Pasto Flocco ,Rap,12764,599,18478,13,45
 hampi! ,Rap,12257,734,33450,55,25
 hampi! ,Rap,12257,377,21121,19,4
 hampi! ,Rap,12257,1156,62657,51,27
 GrownBoiTrap ,Rap,12012,50191,3531571,4377,181
 BBY GOYARD ,Rap,11934,1734,79180,123,40
 BBY GOYARD ,Rap,11934,14496,857313,976,284
 BBY GOYARD ,Rap,11934,1360,62005,134,23
 BALA CLUB ,Rap,11877,1564,59684,161,45
 BALA CLUB ,Rap,11877,498,17585,44,19
909Memphis,Rap,11742,3434,172013,342,70
 distance decay ,Rap,11293,574,20521,66,30
 TRiPPJONES ,Rap,10794,1080,46043,242,31
 Drugrixh Peso ,Rap,10694,9791,556961,1072,46
 Drugrixh Peso ,Rap,10694,3667,254180,290,11
 Drugrixh Peso ,Rap,10694,4492,276917,323,16
 CashBently ,Rap,10199,5292,317776,408,143
 CashBently ,Rap,10199,1654,106344,102,70
 YungJZAisDead ,Rap,10061,1157,69685,173,32
 YungJZAisDead ,Rap,10061,1687,89387,255,51
 Boom League : Hip Hop & RnB ,Rap,9391,94840,6628608,5483,342
 Lite Fortunato ,Rap,9352,1123,53933,110,6
 ppgcasper ,Rap,9336,1806,100825,150,44
 Ft. King Louie - Thats how we move by Lawless Inc. ,Rap,9273,105527,8568709,12937,709
 50Trax ,Rap,9032,47007,3084844,4441,212
 Dirty__Vans ,Rap,8253,7736,585985,790,50
 MilanMakesBeats ,Rap,8199,6589,340620,663,35
 Snoopy Dinero ,Rap,8197,60695,5402433,2957,189
 weef leaks* ,Rap,8145,39061,1972407,2837,161
 mechatok ,Rap,7812,4353,183484,450,135
 Drugrixh Hect ,Rap,7771,1988,174088,115,3
 Drugrixh Hect ,Rap,7771,2492,240763,137,3
 Drugrixh Hect ,Rap,7771,2453,250638,137,4
 Drugrixh Hect ,Rap,7771,1393,123885,78,3
 Drugrixh Hect ,Rap,7771,1790,149947,101,2
 YungenPlayDirty ,Rap,7737,3018,165296,451,7
 DJ PHAT RADIO © ,Rap,7624,247,10020,30,1
 DJ PHAT RADIO © ,Rap,7624,243,8978,20,0
 DJ PHAT RADIO © ,Rap,7624,88,3204,5,0
 YEAR0001 ,Rap,7623,49776,2552358,5182,358
 White Armor x Dj Kenn Aon by DjKenn AllOrNothing ,Rap,7518,3521,188272,353,59
 Mike Labyrinth ,Rap,7426,1088,41020,191,23
 GOONIE ,Rap,6951,2020,99186,129,125
 Tadoe Da Savage ,Rap,6710,3941,226175,268,21
 BEEZ EXCLUSIVEZ ,Rap,6701,2848,117998,297,15
 CoreyLingoBeats ,Rap,6673,17641,1031860,2189,93
 CoreyLingoBeats ,Rap,6673,1264,74585,96,5
 CoreyLingoBeats ,Rap,6673,9098,458367,857,48
 mixed matches ,Rap,6638,568,34769,38,20
 mixed matches ,Rap,6638,719,43016,55,19
 mixed matches ,Rap,6638,1436,68596,124,63
 mixed matches ,Rap,6638,1698,89331,135,57
 SBOY - THEHASHCLIQUE ,Rap,6474,1120,44263,182,37
 LIL SHINE ,Rap,5815,1186,72046,70,53
 LIL SHINE ,Rap,5815,519,31234,25,18
 ManeMane4CGG ,Rap,5732,1425,80182,179,6
 ManeMane4CGG ,Rap,5732,2177,128366,290,7
 ManeMane4CGG ,Rap,5732,2108,141475,214,16
 Lil Reese #300 ,Rap,5658,26365,2067435,4588,267
 Lil Reese #300 ,Rap,5658,7199,570091,618,26
 cp ,Rap,5570,1696,96358,151,40
 zellyocho ,Rap,5531,570,26017,30,21
 ATL 8A8Y by zellyocho ,Rap,5531,303,16782,18,7
 nappy 01 ,Rap,5383,564,27449,45,9
 Percocet ,Rap,5253,10638,579603,757,31
 Percocet ,Rap,5253,55039,2905194,3254,236
 Percocet ,Rap,5253,16520,980035,1265,76
 SODMG ,Rap,5248,10415,875517,936,53
 sadbalmain ,Rap,5242,731,33194,60,12
 S I L Δ S I S D E ▲ D ,Rap,5177,4358,221534,629,99
 Gnealz ,Rap,4826,4190,193405,492,11
 Gnealz ,Rap,4826,11003,423092,1608,83
 killavesi ,Rap,4807,1573,64082,152,37
 Buku Bandz ,Rap,4805,4663,251585,392,50
 JuggGems ,Rap,4696,26992,1574823,1795,171
 JuggGems ,Rap,4696,5008,277844,354,8
 Vision4k ,Rap,4606,1556,80158,152,41
 yungster jack ,Rap,4470,146,8450,16,7
 yungster jack ,Rap,4470,198,9576,13,9
 yungster jack ,Rap,4470,169,10055,7,5
 Carl Wheezer ,Rap,4282,4980,130139,403,453
 Carl Wheezer ,Rap,4282,669,14482,75,145
 GloGangTwins ,Rap,4280,85,7454,16,6
 Vlone Money Team VMT ,Rap,4223,8024,448343,988,24
 Yung Astro ,Rap,4197,452,30228,31,2
 Scarfo Da Plug ,Rap,4182,6894,718695,432,27
 callari ,Rap,4182,1156,26962,75,22
 Akachi Beats by 458 KEEZ ,Rap,4013,610,27281,70,3
 458 KEEZ ,Rap,4013,1280,91138,135,7
 StackboyTwaun ,Rap,3966,41142,2661091,2359,107
 korosu ,Rap,3928,1149,41124,175,49
 glizzy f baby ,Rap,3920,7990,522626,984,28
 Thrillboy ,Rap,3882,1478,78418,82,35
 Chief Keef ,Rap,3776,13463,811521,1109,135
 Akachi ,Rap,3639,1361,97749,96,11
 Akachi ,Rap,3639,219,14588,15,1
 Akachi ,Rap,3639,1123,56710,109,9
 Akachi ,Rap,3639,441,20929,57,1
 Akachi ,Rap,3639,560,21708,80,3
 Akachi ,Rap,3639,1371,52080,176,1
 Akachi ,Rap,3639,1085,54950,84,6
 Akachi ,Rap,3639,1969,119037,149,12
 Akachi ,Rap,3639,687,33011,57,4
 Akachi ,Rap,3639,1992,135585,159,7
 Akachi ,Rap,3639,2588,140264,126,23
 Akachi ,Rap,3639,2182,77952,118,21
 @Ghostrage X @AkachiBeats by Ghostrage ,Rap,3478,26,1025,4,1
 www.localsavage.com ,Rap,3293,260,20563,17,1
 SeanTrackz ,Rap,3243,2961,205187,361,19
 TayMasterChef ,Rap,3209,6432,321001,523,19
. 6Silky x Akachi by Lil $ega ,Rap,3190,685,34411,89,6
 ARS WAS TAKEN ,Rap,3175,312,11095,28,7
 Ka$hh Got Bandz$™ ,Rap,2933,8940,704105,556,74
 HIP RAP ,Rap,2785,2182,106295,293,13
N/A,Rap,2756,3472,50246,653,559
 Lapone Tarantino ,Rap,2726,3586,191861,527,24
 rich young,Rap,2615,31079,2328064,1068,53
PesosBaby ,Rap,2604,95670,7578732,6118,322
 2kthagoon ,Rap,10721,4600,608003,554,57
 2kthagoon ,Rap,10721,4709,279923,543,60
 TygaTrackz ,Rap,6002,169360,11630535,10807,283
 The Hip Hop Wave ,Rap,5936,82497,6433570,3877,200
 SEBii,Rap,5868,766,20819,66,43
 DrakeTracks ,Rap,5275,13220,921182,1845,114
 DrakeTracks ,Rap,5275,28544,1794953,2911,47
 OTWGBEATS ,Rap,2484,2628,163298,289,7
 w3bcam ,Rap,2288,1348,59806,121,62
 swoopy ,Rap,2175,569,26776,52,25
 loveboy ,Rap,2157,484,18277,56,23
 @sglilyy ,Rap,2057,445,12897,45,18
 @sglilyy ,Rap,2057,263,7442,24,14
 @sglilyy ,Rap,2057,563,18788,71,32
 @sglilyy ,Rap,2057,894,46695,81,35
 Finesse God 2 ,Rap,2018,1197,69338,60,6
 The Real Lil Dude ,Rap,1362,817,56183,96,1
 SHOTTi ,Rap,1313,292,15083,36,9
 DMV PROMO ,Rap,1294,1164,67527,30,3
 Blicka Music. ,Rap,1294,551,14267,112,79
 bloody shield ,Rap,1183,1196,65195,90,67
 bloody shield ,Rap,1183,942,42097,85,40
 notforprophet ,Rap,1098,7336,130186,991,278
 glo_gang_nation ,Rap,1098,281,20132,42,1
 glo_gang_nation ,Rap,1098,4530,349042,347,25
 glo_gang_nation ,Rap,1098,2949,232111,222,15
 Savage Squad Records ,Rap,1087,691,43377,60,1
 CEONRPG ,Rap,1068,316,13312,40,26
 digiaches ,Rap,999,276,14456,33,19
 digiaches ,Rap,999,146,5521,9,7
 PACKRUNNER ,Rap,825,50609,3677431,3272,95
 SouIja Boy ,Rap,731,1485,110316,237,28
 ION USE THIS SHIT NOMO ,Rap,722,725,36874,61,7
 Heat Uploads ,Rap,708,51,1896,4,1
 Prod. John Lo by $olo ,Rap,708,286,20287,62,2
 MF808 ,Rap,706,91196,6536252,3337,300
 XclusiveTrackz2 ,Rap,584,22436,1829047,1996,192
 SMOKING.THOINK$ ,Rap,584,135,7199,14,1
 DMVGlizzy ,Rap,565,1029,72581,31,13
 WorldStarHipHop Music ,Rap,468,340,27892,9,0
 Lil Herb by Brilly B ,Rap,467,80814,6063350,5303,168
 ❅ICYRADIO❅ ,Rap,455,154,10250,6,0
  kobie from other world ・ソニック ,Rap,453,6,266,1,2
 PackrunnerSummrs Summrs Archive ,Rap,440,3560,228341,169,80
 PackrunnerSummrs Summrs Archive ,Rap,440,644,28434,24,9
_Im_The_Shit_SNIPPET.mp3 by Chauncy Coleman ,Rap,370,856,66171,41,7
 Leak God ,Rap,353,99,8511,7,1
 Glo Boy Musick ,Rap,332,711,47020,34,3
 FutureTrax ,Rap,330,2164,150582,148,7
" 9eno, Big Mechoo - Real Deal by RZN ",Rap,327,2258,187003,69,11
 FATFUCK THE FINESSEGOD ,Rap,309,3254,209179,182,12
 Ballout ,Rap,274,145,8483,23,7
 Chief_Keef ,Rap,256,1605,119868,75,5
 vonn3hunna ,Rap,156,4145,262199,423,14
 tygamann123 ,Rap,148,23380,1950286,1839,172
 DAYSTAR AKA BIG CRACK PROVIDES CUTTTHROAT MUSIC ,Rap,143,499,39048,35,2
 RICHFOREVER MUSIC FAN PAGE ,Rap,67,214,16550,15,4
 wizthegreat ,Rap,62,5899,520653,473,32
 Dolan Beats by ilovememe ,Rap,61,1759,127804,265,4
 shyne ,Rap,43,515,21322,29,14
 ｊａｒｊａｒｊｒ ,Rap,41327,5416,294241,713,95
 Jay Nebula ,Rap,40126,43179,1523512,10947,703
 C Y G N ,Rap,39558,6165,190173,1382,230
 Swoosh God ,Rap,32946,13227,690053,1174,24
 Swoosh God ,Rap,32946,5021,292929,445,19
 RJ  OMMIO ,Rap,29960,4788,306334,241,5
 Captain Murphy Music ,Rap,27668,45702,2636601,6970,370
 Captain Murphy Music ,Rap,27668,9096,626401,1323,107
 Captain Murphy Music ,Rap,27668,5142,401935,720,76
 Captain Murphy Music ,Rap,27668,4828,402118,692,50
 mt. marcy ,Rap,27423,20417,882888,4060,363
 SIDEWALKS AND SKELETONS ,Rap,26426,8911,353664,1529,267
 Johnny Cinco ,Rap,25450,1894,105370,246,10
 falls ,Rap,25090,3052,112689,492,92
 finesse world® ,Rap,24978,4113,168030,324,13
 finesse world® ,Rap,24978,7328,403680,775,17
 finesse world® ,Rap,24978,16807,970390,1294,50
 finesse world® ,Rap,24978,9907,488756,821,23
 finesse world® ,Rap,24978,7891,431709,749,49
 finesse world® ,Rap,24978,44824,2290364,2447,151
 finesse world® ,Rap,24978,3534,204765,386,9
 finesse world® ,Rap,24977,3406,232811,367,6
 Kareful ,Rap,24968,8612,313431,2096,214
 Bourne Recordings ,Rap,24074,1372,16193,196,75
 haven ,Rap,22972,3833,162038,770,172
 Baka Not Nice ,Rap,22949,199942,14304445,18138,665
 GOLD ,Rap,21325,10742,547271,912,21
 GOLD ,Rap,21325,18129,809635,1795,37
 GOLD ,Rap,21325,4946,247195,500,17
 GOLD ,Rap,21325,7750,373731,819,40
 GOLD ,Rap,21325,8339,422355,606,55
 ANKA ,Rap,19929,5857,135774,1190,187
 CHRISFRESH808 ,Rap,19711,141936,8736194,6854,1625
 Noize ,Rap,18616,6428,316248,1026,118
 KAELIN ELLIS ,Rap,17628,1525,46798,228,49
 Elijah ,Rap,17323,6864,285798,1422,157
 sungodpxllz ,Rap,17289,19905,1154707,1841,64
 sungodpxllz ,Rap,17289,38355,2334753,2682,113
 KAY P ,Rap,16591,1733,86658,305,38
 ManMan Savage ,Rap,16234,447,20870,40,0
 ManMan Savage ,Rap,16234,2582,182309,241,15
 DJ ESCO ,Rap,15526,10201,911716,629,121
 blake skowron ,Rap,15236,7738,223062,1230,302
Skita,Rap,15232,3291,113381,902,125
 Tate Kobang ,Rap,14956,34840,1674454,6265,749
 DjFlippp ,Rap,14956,20826,1065569,2112,86
 COSMASTLY ,Rap,14853,2040,66970,331,55
 JACKNIFE ,Rap,14777,1374,17527,237,39
 MaxThaDemon ,Rap,14718,18809,1511770,441,178
 emo the optimist ,Rap,14464,4607,154647,1163,110
 ASAPILLZ ,Rap,14453,17924,880692,2040,64
 DJScreamTV ,Rap,14011,2349,170029,223,2
 Only Rap Hits ,Rap,13824,76337,4462757,6198,205
 TML ,Rap,13677,4953,157059,1169,79
 KEY NYATA ,Rap,13648,6624,262043,1444,28
 NGeeYL ,Rap,13613,3158,122117,171,42
 FREECRACK ,Rap,13160,5084,315309,324,22
 FREECRACK ,Rap,13160,9009,604528,623,32
 FREECRACK ,Rap,13160,11343,1219832,651,19
 Bassti ,Rap,12612,3856,234183,258,31
 PEARL WHITE ,Rap,12530,4020,146743,779,175
 EliFross TV ,Rap,12505,16357,1447445,334,155
 Just Red Up 2 ,Rap,12393,178239,13381912,16827,1864
 10.DEEP® ,Rap,12282,1394,56828,192,6
 goosetaf ,Rap,12024,660,18701,106,32
N/A,Rap,11997,1340,43781,197,54
 BLANDA ,Rap,11554,5740,187516,881,133
 FIVE FINGER POSSE ,Rap,11495,910,41197,110,13
 COSMIC BEATS ,Rap,11228,217,8053,42,7
 12 HONCHO ,Rap,11101,17589,1027831,1069,90
 Savage Squad Records ,Rap,11080,9421,774051,835,41
 Chinatown by Chinatown ,Rap,10767,10390,559947,871,24
 Callum Connor ,Rap,10734,11936,381539,2325,250
 878 Dreamteam ,Rap,9878,20957,1786079,2107,151
 878 Dreamteam ,Rap,9878,4182,385934,582,44
 YOPPA BAM ,Rap,9816,1500,88354,137,11
 YOPPA BAM ,Rap,9816,4465,187785,427,38
 Wade by Joe Moses ,Rap,8913,580,41006,39,3
 Lil B YT Collection ,Rap,8862,2394,130084,532,25
 019dexter ,Rap,8647,2134,126344,234,13
 kalko ,Rap,7991,5714,244252,856,131
 Kaizen ,Rap,7649,4083,120414,738,220
 chief. ,Rap,7352,1946,128438,242,47
 lc levi lowercase levi ,Rap,7282,2921,158273,400,16
 msft. ,Rap,7231,2094,33496,442,89
 SCREZ-IO ,Rap,7193,3821,62663,796,71
 @SpiffyGlobal ,Rap,7149,538,28367,58,1
 DiAmond Miller ,Rap,7101,1194,77763,162,19
 50STRONG RECORDS ,Rap,6638,57261,3428459,5635,213
 Big E ,Rap,6626,9922,469598,1220,18
 10KDunkin ,Rap,6581,1309,57823,93,13
 Henry AZ ,Rap,6215,1159,79693,112,10
 Hell Raiser ⛧ ,Rap,6126,74824,5415863,5318,118
 abnormalwill ,Rap,5730,13370,1180057,1869,141
 abnormalwill ,Rap,5730,10653,910151,2110,193
 abnormalwill ,Rap,5730,61604,4139180,3334,585
 Sharks ,Rap,5654,1244,19681,263,131
 LOUIEJAYXX ,Rap,5565,2602,27185,546,518
 JayTrackz ,Rap,5535,76246,5204071,9379,498
 MO-G ,Rap,5338,10851,854041,1200,59
 GUN40 ,Rap,5080,124,5387,11,1
 AR by AR ,Rap,4983,1437,57102,216,8
 RJMRLA ,Rap,4865,6652,426486,483,31
 TeeCee4800 ,Rap,4775,17236,1048380,1469,38
 Bluku Music ,Rap,4767,464,16655,84,5
 EVK95 ,Rap,4551,9484,530011,1055,33
 la flare ,Rap,4506,12752,734994,1562,22
 Spaceli Vietnam ,Rap,4490,180,9765,18,1
 al ,Rap,4179,822,42748,81,3
 Kotei ,Rap,3769,1841,60561,339,22
 Eskay ,Rap,3654,4492,266532,350,21
 Xscape ,Rap,3615,1501,71644,53,3
 Justin Rose ,Rap,3372,37350,2108670,4360,98
 BoogieFTS ,Rap,3302,324,24911,75,1
 DJ TOPGUN ,Rap,3171,633,33674,52,7
 PNUT HOE ,Rap,3118,183,7991,25,13
 Misc. Friend ,Rap,2557,90,2321,12,8
 Misc. Friend ,Rap,2557,272,6476,45,42
 NET VISION ,Rap,2553,867,28866,208,64
 ℋ Ⓤʁ†β☮ﻻAG ,Rap,2498,22111,1360878,1984,58
 GMEBE ,Rap,2489,21325,1584814,1504,124
 dream wave ,Rap,2464,155,6041,19,3
 ARSPAZZ ,Rap,2314,2369,166082,151,9
 Young Dpac ,Rap,2294,2844,180512,221,3
 ADUSTIO ,Rap,2242,1475,45888,338,24
 BinoTrax ,Rap,2143,8482,612479,902,40
 mrgmf360 ,Rap,2135,14049,771163,2999,201
 DooWop ,Rap,2114,2182,150267,169,6
 678 Seppe ,Rap,1989,3146,206278,366,11
 SinceWhen by JIMI ONO ,Rap,1921,2492,120864,225,34
 Sir Spyro by Shortybbk ,Rap,1895,5569,255837,946,45
 @ItsJahhhh ,Rap,1890,1804,111751,164,17
 ApTwoTone ,Rap,1860,12911,1213806,1000,37
 EXTRAGRAM$OLE ,Rap,1841,6563,390243,754,31
 shmurda - hot nigga kaluara rmx free by KAL ,Rap,1828,285,11392,72,17
 Rocko ,Rap,1815,18171,1440183,1676,19
 PLAYBOYS ,Rap,1782,1299,74548,195,11
 lil yu ,Rap,1764,274,18425,33,22
 Fresh Jones ,Rap,1726,76779,4938590,5769,178
 FRESCO ,Rap,1725,3864,225695,216,6
 surf gang ,Rap,1709,235,5006,26,5
 vintage. ,Rap,1681,727,23230,90,34
 OHNO ,Rap,1633,956,12975,231,51
 TraeDashBeatz ,Rap,1632,36905,3038737,4533,320
 soufeastscrewston713 ,Rap,1575,18400,1177184,1874,222
 Seperated My Self ,Rap,1565,19448,1500726,1855,141
 EVOLVING PUBLIC ,Rap,1565,29124,2186460,760,339
 LINKYY ,Rap,1511,195,3178,38,26
 $TN ,Rap,1503,3232,212024,96,14
 $TN ,Rap,1503,4896,305133,144,23
 - ＰＲＧＭＡＴ - ,Rap,1489,374,39958,43,71
 Clopraq ,Rap,1483,15624,1232963,2201,183
 Mrwillie2 ,Rap,1457,6468,653821,724,45
 𝙨𝙘𝙖𝙣𝙙𝙡𝙮𝙣𝙣. ,Rap,1445,4324,280732,118,49
 ERBS ,Rap,1398,368,11053,75,36
 Suave Santana ,Rap,1267,9653,696091,933,33
 Reel Bump ,Rap,1221,35,1143,6,1
 Reel Bump ,Rap,1221,25,1722,2,0
 Leaders Of The New Trap Sound ,Rap,1034,169,9393,21,2
 Bizarius ,Rap,1012,287,10189,28,21
 Mikey Dinero ,Rap,988,975,40675,169,20
 𝙇𝙀𝙊𝙏𝙍𝙄𝙓 ² ,Rap,986,1249,10285,304,246
 𝙇𝙀𝙊𝙏𝙍𝙄𝙓 ² ,Rap,986,1369,23940,165,51
 Capo ,Rap,972,557,26184,20,13
 qiymo130 ,Rap,945,24615,1759363,2237,58
 devilmusic ,Rap,939,161,2454,39,30
 Rozey Beatz ,Rap,936,8985,722752,822,40
 Rozey Beatz ,Rap,936,5465,360799,536,32
 HStreetRaps ,Rap,895,398,16872,54,3
 Pakbeloudradio ,Rap,834,15526,933990,2317,37
 Iso ,Rap,788,1701,98006,179,28
 GNSD ENT ,Rap,766,7723,573148,738,47
 LMOBMAROON ,Rap,759,154,8691,24,3
 @ProdbyVIP ,Rap,746,43018,2358952,2284,161
 💀 💘 ,Rap,743,870,38807,104,3
 TriggaMelo ,Rap,730,1574,112407,99,4
 Don Dirty ,Rap,706,1399,15769,336,305
 FrostTops Freezer ,Rap,701,3352,40427,760,220
 NewHipHop ,Rap,679,5612,405413,473,9
 dan streit ,Rap,667,261,9987,56,11
 POPULAIRE CLUB ,Rap,653,6798,374095,526,33
 The Next _ J ,Rap,651,4754,348537,357,35
 The Next _ J ,Rap,651,863,62944,102,6
 EverythingFlameBlue ,Rap,628,1470,87429,295,20
 Son Nen ,Rap,607,326,10563,64,4
 Laflame1017 ,Rap,603,283,25937,47,0
 LDevineMusic ,Rap,602,219,9770,27,9
 J Sand Geechie Dan ,Rap,602,13886,926120,1021,59
 guccistraps ,Rap,586,32899,1852026,2505,135
 Braoinean ,Rap,577,1189,57495,169,73
 SEMAJ ,Rap,550,227,7296,36,14
 Omar Hernandez 626 ,Rap,549,16842,1409956,1458,83
 coolquis_3 ,Rap,523,2900,179169,312,5
 coolquis_3 ,Rap,523,284,12098,53,1
 coolquis_3 ,Rap,523,828,48370,124,3
 KillaKay ,Rap,518,934,45719,96,0
 HARRISON ,Rap,514,1250,85423,49,34
 YUREI AYAKASHI ,Rap,505,438,5352,105,68
 Makaveli Majorrr ,Rap,495,141020,11457151,11936,828
 Ogawa ,Rap,484,19202,1378618,832,80
 WAYYVE ,Rap,483,6426,347782,308,31
 ZARI ,Rap,479,611,93766,217,19
 MrNcredible ,Rap,457,6733,520618,549,15
 UZOF ,Rap,438,74,5485,9,1
 ScrewHeadd214 ,Rap,431,12992,761663,1071,132
 NovaBright ,Rap,423,6986,237659,1289,53
 Music Productions #300 ,Rap,412,14197,1012794,1503,60
 LadiiB ,Rap,393,44207,2603539,3409,437
 king_almighty_3 ,Rap,367,3997,273590,389,11
 king_almighty_3 ,Rap,367,910,75145,121,3
 Shavonda Stamps ,Rap,352,21643,1398363,832,123
 PARADISE FM ,Rap,344,184,11319,14,0
 Jovon Mcdonald ,Rap,301,2411,163067,212,6
 serbishem ,Rap,294,4330,381602,256,31
 SPACESUPPLY ,Rap,292,778,60730,32,9
 T2KEnterprise ,Rap,287,10767,780112,1898,77
 whoiskegod ,Rap,282,392,20782,57,5
 Kelkidagreat ,Rap,282,7461,487536,455,24
 Kelkidagreat ,Rap,282,4591,295055,341,14
 crankies ,Rap,278,2222,155606,320,20
 ese_kasper2 ,Rap,249,675,50740,25,1
 ryan_callahan ,Rap,245,3319,369400,168,5
 kd ,Rap,245,36665,2009607,1468,106
 🌎* ,Rap,244,1537,80043,69,20
 TrevDogg45 ,Rap,236,882,59802,68,0
 ReddSmash ,Rap,222,437,25490,45,1
 Kahlil Wolf ,Rap,222,91,3192,11,9
 SIGG ,Rap,215,22167,1431248,1928,34
 Sprinter Boyz ,Rap,214,2676,137394,245,10
 Cash Cow Music ,Rap,214,2498,154862,133,100
 chaichi ,Rap,210,2489,170874,208,19
 The Inferno 🔥 ,Rap,203,53,2616,1,0
 Zag Master ,Rap,192,216,10891,17,1
 Zag Master ,Rap,192,729,29858,86,1
 hq ,Rap,148,1470,115241,41,27
 lillongschlong ,Rap,141,2110,108971,125,25
 DJ Gitloud ,Rap,129,13793,1096634,1123,77
 hackjanson ,Rap,123,8622,585762,728,23
 ahmarimulkey4 ,Rap,121,1763,167048,104,20
 cBass Prod. ,Rap,104,75,2830,17,4
 User 200286403 ,Rap,100,1796,127635,52,6
 User 200286403 ,Rap,100,1783,111902,57,8
 maseratipapi ,Rap,91,15328,811862,861,41
 sherbs ,Rap,90,406,11733,93,30
 swagonthesehoes ,Rap,88,11276,762484,531,39
 Shawn Tha Dawn ,Rap,76,1809,110287,53,7
 Ibrossmusic ,Rap,66,1489,126537,269,13
 haha ,Rap,47,7246,600902,373,23
 Bosco Santana ,Rap,47,3659,250379,576,22
 stop ,Rap,44,1731,114318,113,40
 JUJUnaal ,Rap,41,572,35325,58,4
 Roberto ,Rap,39,3317,237313,93,25
 NATE5G ,Rap,37,1244,53064,58,19
 VangoMusic ,Rap,34,884,83773,25,0
 Eman Spuda Gould ,Rap,34,3743,325341,382,10
 User 217060223 ,Rap,33,340,22966,4,6
 Notorious_Reef ,Rap,31,1928,154856,85,12
 Bokoesam ,Rap,30,271,12279,27,5
67254,Rap,25,1088,60405,89,1
 Volt Premiere ® ,Rap,23,619,36097,58,2
 Volt Premiere ® ,Rap,23,390,23959,21,1
 tdoenkbloc ,Rap,15,2164,159147,97,12
 Nxt Leg ,Rap,15,874,62139,24,7
 $teveTooThrowed ,Rap,11,1205,62078,42,10
